test,1,Mouser,78-VS-4EGH06-M3/5BT
test,1,Mouser,512-FQU1N80TU
test,1,Mouser,512-FDMS86252L
test,1,Mouser,511-STL6N2VH5
test,1,Mouser,667-SK8403160L
test,1,Mouser,512-FDMS8680
test,1,Mouser,667-SK8603160L
test,1,Mouser,78-VS-4ECU06-M3/9AT
test,1,Mouser,512-FDMC8296
test,1,Mouser,78-VS-5ECH06-M3/9AT
test,1,Mouser,78-SI7101DN-T1-GE3
test,1,Mouser,511-STL6N3LLH6
test,1,Mouser,863-ESD8040MUTAG
test,1,Mouser,512-FDMS36101L_F085
test,1,Mouser,78-SIR688DP-T1-GE3
test,1,Mouser,512-FDD6030L
test,1,Mouser,78-GSOT04C-E3-08
test,1,Mouser,771-PESD5V0F1USF315
test,1,Mouser,771-PESD5V0F1BSF315
test,1,Mouser,78-GSOT36C-E3-08
test,1,Mouser,78-GSOT05C-E3-08
test,1,Mouser,771-IP4369CX4YL
test,1,Mouser,650-DK-621-0411-P
test,1,Mouser,650-DK-621-0411-S
test,1,Mouser,650-DK-621-0412-S
test,1,Farnell,2347864
test,1,Farnell,1565198
test,1,Farnell,993190
test,1,Farnell,635730
test,1,Farnell,635789
test,1,Farnell,635777
test,1,Farnell,1608536
test,1,Farnell,1684847
test,1,Farnell,2310205
test,1,Farnell,2346533
test,1,Farnell,2342136
test,5,Farnell,1144640
test,1,Farnell,2342086
test,1,Farnell,2346624
test,1,Farnell,2346542
test,1,Farnell,2346547
test,2,Farnell,8126470
test,1,Farnell,2346633
test,1,Farnell,1281818
test,5,Farnell,1144604
test,1,Farnell,2347864
test,1,Farnell,1565198
test,1,Farnell,380600
test,1,Farnell,1211739
test,1,Farnell,380660
test,1,Digikey,102-1126-ND
test,1,Digikey,102-1127-ND
test,1,Digikey,102-1128-ND
test,1,Digikey,668-1011-ND
test,1,Digikey,668-1000-ND
test,1,Digikey,668-1012-ND
test,1,Digikey,668-1013-ND
test,1,Digikey,668-1009-ND
test,1,Digikey,102-1130-ND
test,1,Digikey,668-1016-ND
test,1,Digikey,668-1190-ND
test,1,Digikey,490-7709-ND
test,1,Digikey,490-7710-ND
test,1,Digikey,490-7711-ND
test,1,Digikey,490-7713-ND
test,1,Digikey,490-7801-ND
test,1,Digikey,668-1004-ND
test,1,Digikey,668-1003-ND
test,1,Digikey,668-1001-ND
test,1,Digikey,668-1271-ND
test,1,Digikey,668-1002-ND
test,1,Digikey,668-1270-ND
test,1,Digikey,668-1008-ND
test,1,Digikey,102-1129-ND
test,1,Digikey,668-1404-ND
test,100,RS,670-6394
test,100,RS,670-5947
test,100,RS,670-5925
test,100,RS,699-8552
test,100,RS,670-4629
test,100,RS,510-9792
test,100,RS,670-5506
test,100,RS,670-4607
test,100,RS,670-4694
test,100,RS,679-5830
test,100,RS,670-5587
test,100,RS,670-4587
test,100,RS,710-6552
test,100,RS,670-5846
test,100,RS,670-5530
test,100,RS,510-9786
test,100,RS,670-5502
test,100,RS,670-4604
test,100,RS,670-4691
test,1,RS,693-416
test,1,RS,198-5542
test,1,RS,693-422
test,1,RS,198-5384
test,1,RS,198-5609
test,1,RS,198-5968
test,1,RS,693-438
test,1,RS,693-488
